Name,Designation,Company,Industry,Email,Phone_number,Country
Derek,Neuro CON,SCB,Health,derekneuro@gmail.com,9686660883,IND
Grey,General COG,Cognizant,Insurance,greygeneral@gmail.com,7639784138,USA
Mark,Plastics COP,KJE,Plastics,markplastic@gmail.com,8686655883,IND
Bailey,"Chief ",NIE,Care,bailey@gmail.com,7448973667,SL
Richard,"General ",ISE,ELECTRONICS,richard@gmail.com,7586947580,IND
Elona,Doctor,IOSE,Film,elona@gmail.com,7644596023,NZL
Avery Jackson,VP Plastics,ELW,Technology,jackson@gmail.com,9075867534,IND